{
  "train": {
    "rmse_h25": 0.03371553421020508,
    "rmse_h50": 0.03878764305263758,
    "rmse_h75": 0.04080896507948637,
    "rmse_h100": 0.04627482946962118
  },
  "val": {
    "rmse_h25": 0.03931631147861481,
    "rmse_h50": 0.04693462513387203,
    "rmse_h75": 0.05629468150436878,
    "rmse_h100": 0.06761820968240499
  },
  "test": {
    "rmse_h25": 0.04169173203408718,
    "rmse_h50": 0.0491986270993948,
    "rmse_h75": 0.053213384747505185,
    "rmse_h100": 0.061729096621274945
  }
}