{
  "train": {
    "rmse_h25": 0.008725784253329039,
    "rmse_h50": 0.009905417170375585,
    "rmse_h75": 0.011468082526698708,
    "rmse_h100": 0.013874845393002034
  },
  "val": {
    "rmse_h25": 0.009453497314825653,
    "rmse_h50": 0.012057973304763436,
    "rmse_h75": 0.014829500019550324,
    "rmse_h100": 0.01816608039662242
  },
  "test": {
    "rmse_h25": 0.009172351285815238,
    "rmse_h50": 0.010363238025456667,
    "rmse_h75": 0.01154891736805439,
    "rmse_h100": 0.013471040548756719
  }
}