{
  "model_type": "dl_adaptive_nvar",
  "rmse": 0.013471040548756719,
  "primary_horizon": 100,
  "primary_metric": "rmse_h100",
  "split_metrics_path": "/mnt/ufs18/rs-049/Workflow_ML_Chemistry/CheMLFlow-main/output/runs/2ab828f7/case_0003/dl_adaptive_nvar_split_metrics.json",
  "train_rmse_horizons": {
    "rmse_h25": 0.008725784253329039,
    "rmse_h50": 0.009905417170375585,
    "rmse_h75": 0.011468082526698708,
    "rmse_h100": 0.013874845393002034
  },
  "val_rmse_horizons": {
    "rmse_h25": 0.009453497314825653,
    "rmse_h50": 0.012057973304763436,
    "rmse_h75": 0.014829500019550324,
    "rmse_h100": 0.01816608039662242
  },
  "test_rmse_horizons": {
    "rmse_h25": 0.009172351285815238,
    "rmse_h50": 0.010363238025456667,
    "rmse_h75": 0.01154891736805439,
    "rmse_h100": 0.013471040548756719
  },
  "training": {
    "adam_epochs_run": 1779,
    "adam_best_loss": 0.0009346966980956495,
    "lbfgs_epochs_run": 347,
    "lbfgs_best_loss": 0.0005397371714934707
  },
  "config": {
    "k": 50,
    "hidden_dim": 100,
    "feature_dim_m": null,
    "n_connectome": 100,
    "input_scaling": 0.1,
    "lr_adam": 0.0007144523619928051,
    "max_epochs_adam": 5000,
    "adam_patience": 200,
    "weight_decay": 0.0,
    "lr_lbfgs": 1.0,
    "num_epochs_lbfgs": 50000,
    "lbfgs_patience": 200,
    "lbfgs_max_iter": 50,
    "lbfgs_history_size": 50,
    "tolerance": 1e-20,
    "train_noise_scale": 0.0,
    "dataset_noise_scale": 0.1,
    "horizons": [
      25,
      50,
      75,
      100
    ],
    "num_windows": 10,
    "base_seed": 2025,
    "connectome_xlsx": null,
    "connectome_sheet": null,
    "connectome_mode": "connectome",
    "connectome_selection_mode": "top_degree",
    "connectome_selection_seed": 2025,
    "connectome_binarize": false,
    "connectome_normalization": "maxabs",
    "connectome_swap_factor": 10,
    "raw_meta": {
      "data_source": "local_npy",
      "path": "data/ground_truth.npy",
      "shape": [
        15001,
        1
      ],
      "time_axis": "cols"
    }
  },
  "split": {
    "warmup_len": 500,
    "train_len": 7500,
    "val_len": 1000,
    "test_len": 1000
  },
  "data_dim": 1,
  "tuning": {
    "method": "optuna",
    "n_trials_requested": 30,
    "n_trials_completed": 30,
    "best_trial_number": 18,
    "best_value": 0.01492213485762477,
    "best_params": {
      "k": 50,
      "hidden_dim": 100,
      "lr_adam": 0.0007144523619928051,
      "lr_lbfgs": 1.0
    },
    "search_axes": [
      "hidden_dim",
      "k",
      "lr_adam",
      "lr_lbfgs"
    ],
    "trial_epoch_cap": 500
  }
}