{
  "train": {
    "rmse_h25": 0.0281527204439044,
    "rmse_h50": 0.028497347328811883,
    "rmse_h75": 0.029486235696822405,
    "rmse_h100": 0.033020228426903483
  },
  "val": {
    "rmse_h25": 0.03721287995576859,
    "rmse_h50": 0.040259156562387946,
    "rmse_h75": 0.04703885093331337,
    "rmse_h100": 0.05685353670269251
  },
  "test": {
    "rmse_h25": 0.038071001693606374,
    "rmse_h50": 0.037837010249495505,
    "rmse_h75": 0.041120943054556845,
    "rmse_h100": 0.046010650135576724
  }
}