{
  "model_type": "dl_adaptive_nvar",
  "rmse": 0.046010650135576724,
  "primary_horizon": 100,
  "primary_metric": "rmse_h100",
  "split_metrics_path": "/mnt/ufs18/rs-049/Workflow_ML_Chemistry/CheMLFlow-main/output/runs/2ab828f7/case_0005/dl_adaptive_nvar_split_metrics.json",
  "train_rmse_horizons": {
    "rmse_h25": 0.0281527204439044,
    "rmse_h50": 0.028497347328811883,
    "rmse_h75": 0.029486235696822405,
    "rmse_h100": 0.033020228426903483
  },
  "val_rmse_horizons": {
    "rmse_h25": 0.03721287995576859,
    "rmse_h50": 0.040259156562387946,
    "rmse_h75": 0.04703885093331337,
    "rmse_h100": 0.05685353670269251
  },
  "test_rmse_horizons": {
    "rmse_h25": 0.038071001693606374,
    "rmse_h50": 0.037837010249495505,
    "rmse_h75": 0.041120943054556845,
    "rmse_h100": 0.046010650135576724
  },
  "training": {
    "adam_epochs_run": 3975,
    "adam_best_loss": 0.0030608426313847303,
    "lbfgs_epochs_run": 669,
    "lbfgs_best_loss": 0.0013078378979116678
  },
  "config": {
    "k": 50,
    "hidden_dim": 200,
    "feature_dim_m": null,
    "n_connectome": 100,
    "input_scaling": 0.1,
    "lr_adam": 0.003729419976434911,
    "max_epochs_adam": 5000,
    "adam_patience": 200,
    "weight_decay": 0.0,
    "lr_lbfgs": 0.1,
    "num_epochs_lbfgs": 50000,
    "lbfgs_patience": 200,
    "lbfgs_max_iter": 50,
    "lbfgs_history_size": 50,
    "tolerance": 1e-20,
    "train_noise_scale": 0.0,
    "dataset_noise_scale": 0.2,
    "horizons": [
      25,
      50,
      75,
      100
    ],
    "num_windows": 10,
    "base_seed": 2025,
    "connectome_xlsx": null,
    "connectome_sheet": null,
    "connectome_mode": "connectome",
    "connectome_selection_mode": "top_degree",
    "connectome_selection_seed": 2025,
    "connectome_binarize": false,
    "connectome_normalization": "maxabs",
    "connectome_swap_factor": 10,
    "raw_meta": {
      "data_source": "local_npy",
      "path": "data/ground_truth.npy",
      "shape": [
        15001,
        1
      ],
      "time_axis": "cols"
    }
  },
  "split": {
    "warmup_len": 500,
    "train_len": 7500,
    "val_len": 1000,
    "test_len": 1000
  },
  "data_dim": 1,
  "tuning": {
    "method": "optuna",
    "n_trials_requested": 30,
    "n_trials_completed": 30,
    "best_trial_number": 21,
    "best_value": 0.02954430440440774,
    "best_params": {
      "k": 50,
      "hidden_dim": 200,
      "lr_adam": 0.003729419976434911,
      "lr_lbfgs": 0.1
    },
    "search_axes": [
      "hidden_dim",
      "k",
      "lr_adam",
      "lr_lbfgs"
    ],
    "trial_epoch_cap": 500
  }
}