{
  "train": {
    "rmse_h25": 0.008179885847494007,
    "rmse_h50": 0.009563992451876401,
    "rmse_h75": 0.011316376877948642,
    "rmse_h100": 0.013522508647292852
  },
  "val": {
    "rmse_h25": 0.009556379495188594,
    "rmse_h50": 0.011562304850667716,
    "rmse_h75": 0.014097527088597416,
    "rmse_h100": 0.016697781952098013
  },
  "test": {
    "rmse_h25": 0.008763904403895139,
    "rmse_h50": 0.01033490509726107,
    "rmse_h75": 0.011759763024747372,
    "rmse_h100": 0.0134676078800112
  }
}