{
  "train": {
    "rmse_h25": 0.033401213586330414,
    "rmse_h50": 0.0333556404337287,
    "rmse_h75": 0.03626788165420294,
    "rmse_h100": 0.04373573288321495
  },
  "val": {
    "rmse_h25": 0.04345813654363155,
    "rmse_h50": 0.04996299035847187,
    "rmse_h75": 0.06023146137595177,
    "rmse_h100": 0.07289349175989628
  },
  "test": {
    "rmse_h25": 0.049507280625402925,
    "rmse_h50": 0.050791049189865586,
    "rmse_h75": 0.05434027910232544,
    "rmse_h100": 0.06297877691686153
  }
}