{
  "train": {
    "rmse_h25": 0.014318754733540117,
    "rmse_h50": 0.01728842072188854,
    "rmse_h75": 0.034403965901583435,
    "rmse_h100": 0.045801673643291
  },
  "val": {
    "rmse_h25": 0.01415385256987065,
    "rmse_h50": 0.017508717300370336,
    "rmse_h75": 0.033522174973040816,
    "rmse_h100": 0.04449302088469267
  },
  "test": {
    "rmse_h25": 0.013398362137377263,
    "rmse_h50": 0.01566756945103407,
    "rmse_h75": 0.029769294150173663,
    "rmse_h100": 0.0399702288210392
  }
}