{
  "train": {
    "rmse_h25": 0.007930355751886964,
    "rmse_h50": 0.009872490586712957,
    "rmse_h75": 0.01223544990643859,
    "rmse_h100": 0.015000571380369365
  },
  "val": {
    "rmse_h25": 0.007968669664114714,
    "rmse_h50": 0.009973653359338641,
    "rmse_h75": 0.012536802748218178,
    "rmse_h100": 0.01534476401284337
  },
  "test": {
    "rmse_h25": 0.008293297048658133,
    "rmse_h50": 0.009517416404560209,
    "rmse_h75": 0.010324435820803047,
    "rmse_h100": 0.012061037868261338
  }
}