{
  "model_type": "dl_adaptive_nvar",
  "rmse": 0.0031323752249591053,
  "primary_horizon": 100,
  "primary_metric": "rmse_h100",
  "split_metrics_path": "/mnt/ufs18/rs-049/Workflow_ML_Chemistry/CheMLFlow-main/output/runs/2ab828f7/case_0002/dl_adaptive_nvar_split_metrics.json",
  "train_rmse_horizons": {
    "rmse_h25": 0.0015733190579339863,
    "rmse_h50": 0.0017813437385484575,
    "rmse_h75": 0.0023459526826627554,
    "rmse_h100": 0.0028397114016115665
  },
  "val_rmse_horizons": {
    "rmse_h25": 0.001720647735055536,
    "rmse_h50": 0.0021276030922308562,
    "rmse_h75": 0.0032224218593910336,
    "rmse_h100": 0.003753413714002818
  },
  "test_rmse_horizons": {
    "rmse_h25": 0.0016777970944531263,
    "rmse_h50": 0.001911332632880658,
    "rmse_h75": 0.002631852892227471,
    "rmse_h100": 0.0031323752249591053
  },
  "training": {
    "adam_epochs_run": 5000,
    "adam_best_loss": 0.0002517238026484847,
    "lbfgs_epochs_run": 280,
    "lbfgs_best_loss": 0.00014444002590607852
  },
  "config": {
    "k": 50,
    "hidden_dim": 10,
    "feature_dim_m": null,
    "n_connectome": 100,
    "input_scaling": 0.1,
    "lr_adam": 0.0014768413720621784,
    "max_epochs_adam": 5000,
    "adam_patience": 200,
    "weight_decay": 0.0,
    "lr_lbfgs": 1.0,
    "num_epochs_lbfgs": 50000,
    "lbfgs_patience": 200,
    "lbfgs_max_iter": 50,
    "lbfgs_history_size": 50,
    "tolerance": 1e-20,
    "train_noise_scale": 0.05,
    "dataset_noise_scale": 0.0,
    "horizons": [
      25,
      50,
      75,
      100
    ],
    "num_windows": 10,
    "base_seed": 2025,
    "connectome_xlsx": null,
    "connectome_sheet": null,
    "connectome_mode": "connectome",
    "connectome_selection_mode": "top_degree",
    "connectome_selection_seed": 2025,
    "connectome_binarize": false,
    "connectome_normalization": "maxabs",
    "connectome_swap_factor": 10,
    "raw_meta": {
      "data_source": "local_npy",
      "path": "data/ground_truth.npy",
      "shape": [
        15001,
        1
      ],
      "time_axis": "cols"
    }
  },
  "split": {
    "warmup_len": 500,
    "train_len": 7500,
    "val_len": 1000,
    "test_len": 1000
  },
  "data_dim": 1,
  "tuning": {
    "method": "optuna",
    "n_trials_requested": 30,
    "n_trials_completed": 30,
    "best_trial_number": 22,
    "best_value": 0.002680012281052768,
    "best_params": {
      "k": 50,
      "hidden_dim": 10,
      "lr_adam": 0.0014768413720621784,
      "lr_lbfgs": 1.0
    },
    "search_axes": [
      "hidden_dim",
      "k",
      "lr_adam",
      "lr_lbfgs"
    ],
    "trial_epoch_cap": 500
  }
}