{
  "train": {
    "rmse_h25": 0.0015733190579339863,
    "rmse_h50": 0.0017813437385484575,
    "rmse_h75": 0.0023459526826627554,
    "rmse_h100": 0.0028397114016115665
  },
  "val": {
    "rmse_h25": 0.001720647735055536,
    "rmse_h50": 0.0021276030922308562,
    "rmse_h75": 0.0032224218593910336,
    "rmse_h100": 0.003753413714002818
  },
  "test": {
    "rmse_h25": 0.0016777970944531263,
    "rmse_h50": 0.001911332632880658,
    "rmse_h75": 0.002631852892227471,
    "rmse_h100": 0.0031323752249591053
  }
}