{
  "train": {
    "rmse_h25": 0.019542839005589487,
    "rmse_h50": 0.019606121443212034,
    "rmse_h75": 0.021637792512774468,
    "rmse_h100": 0.024998545181006193
  },
  "val": {
    "rmse_h25": 0.02128145135939121,
    "rmse_h50": 0.023846159875392913,
    "rmse_h75": 0.027043031062930822,
    "rmse_h100": 0.03122192621231079
  },
  "test": {
    "rmse_h25": 0.021833050437271594,
    "rmse_h50": 0.02182487016543746,
    "rmse_h75": 0.02322213975712657,
    "rmse_h100": 0.025847606547176837
  },
  "test_repeated": {
    "rmse_h25_mean": 0.023517223700881006,
    "rmse_h25_std": 0.0032943369162067625,
    "rmse_h50_mean": 0.025863287650048732,
    "rmse_h50_std": 0.0036815544145654224,
    "rmse_h75_mean": 0.02997157546132803,
    "rmse_h75_std": 0.0049478273028200764,
    "rmse_h100_mean": 0.034653806544840335,
    "rmse_h100_std": 0.006363055956023053,
    "num_runs": 25,
    "runs": [
      {
        "run_index": 0,
        "seed": 2025,
        "rmse_h25": 0.021833050437271594,
        "rmse_h50": 0.02182487016543746,
        "rmse_h75": 0.02322213975712657,
        "rmse_h100": 0.025847606547176837,
        "val_rmse_h25": 0.02128145135939121,
        "val_rmse_h50": 0.023846159875392913,
        "val_rmse_h75": 0.027043031062930822,
        "val_rmse_h100": 0.03122192621231079
      },
      {
        "run_index": 1,
        "seed": 2026,
        "rmse_h25": 0.02020784979686141,
        "rmse_h50": 0.025152636505663396,
        "rmse_h75": 0.029980173520743846,
        "rmse_h100": 0.035661611892282966,
        "val_rmse_h25": 0.01651298264041543,
        "val_rmse_h50": 0.020040164049714804,
        "val_rmse_h75": 0.027312902547419072,
        "val_rmse_h100": 0.032662384957075116
      },
      {
        "run_index": 2,
        "seed": 2027,
        "rmse_h25": 0.027489172108471394,
        "rmse_h50": 0.029151186160743237,
        "rmse_h75": 0.032683414965868,
        "rmse_h100": 0.037316772155463696,
        "val_rmse_h25": 0.026158627308905124,
        "val_rmse_h50": 0.02680794782936573,
        "val_rmse_h75": 0.028858346305787562,
        "val_rmse_h100": 0.03287363955751062
      },
      {
        "run_index": 3,
        "seed": 2028,
        "rmse_h25": 0.01729918606579304,
        "rmse_h50": 0.02229794133454561,
        "rmse_h75": 0.029814871773123742,
        "rmse_h100": 0.03546595433726907,
        "val_rmse_h25": 0.015765354223549365,
        "val_rmse_h50": 0.01719748554751277,
        "val_rmse_h75": 0.019556831289082765,
        "val_rmse_h100": 0.021952956914901733
      },
      {
        "run_index": 4,
        "seed": 2029,
        "rmse_h25": 0.023311976902186872,
        "rmse_h50": 0.023287095688283445,
        "rmse_h75": 0.024534396175295115,
        "rmse_h100": 0.027006974257528783,
        "val_rmse_h25": 0.02663198336958885,
        "val_rmse_h50": 0.02645719163119793,
        "val_rmse_h75": 0.02817781176418066,
        "val_rmse_h100": 0.030824269354343414
      },
      {
        "run_index": 5,
        "seed": 2030,
        "rmse_h25": 0.025300204195082186,
        "rmse_h50": 0.0264481789432466,
        "rmse_h75": 0.029737228900194167,
        "rmse_h100": 0.0335694732144475,
        "val_rmse_h25": 0.02803703732788563,
        "val_rmse_h50": 0.03289693035185337,
        "val_rmse_h75": 0.03993570357561112,
        "val_rmse_h100": 0.048538229614496234
      },
      {
        "run_index": 6,
        "seed": 2031,
        "rmse_h25": 0.025876918248832224,
        "rmse_h50": 0.027349506877362727,
        "rmse_h75": 0.0311222480610013,
        "rmse_h100": 0.03447214886546135,
        "val_rmse_h25": 0.02615066887810826,
        "val_rmse_h50": 0.026280927658081054,
        "val_rmse_h75": 0.030476299300789832,
        "val_rmse_h100": 0.0353973813354969
      },
      {
        "run_index": 7,
        "seed": 2032,
        "rmse_h25": 0.025278990902006627,
        "rmse_h50": 0.028283113054931162,
        "rmse_h75": 0.03240985795855522,
        "rmse_h100": 0.03836328648030758,
        "val_rmse_h25": 0.021917963214218617,
        "val_rmse_h50": 0.023749797604978085,
        "val_rmse_h75": 0.027424877882003783,
        "val_rmse_h100": 0.03212300557643175
      },
      {
        "run_index": 8,
        "seed": 2033,
        "rmse_h25": 0.025005875900387765,
        "rmse_h50": 0.024487050250172615,
        "rmse_h75": 0.026761061884462832,
        "rmse_h100": 0.030839352682232857,
        "val_rmse_h25": 0.02275472357869148,
        "val_rmse_h50": 0.024780028965324163,
        "val_rmse_h75": 0.027605362702161074,
        "val_rmse_h100": 0.03141329288482666
      },
      {
        "run_index": 9,
        "seed": 2034,
        "rmse_h25": 0.02562743816524744,
        "rmse_h50": 0.03054632693529129,
        "rmse_h75": 0.038763036392629145,
        "rmse_h100": 0.04688860904425383,
        "val_rmse_h25": 0.027062297612428666,
        "val_rmse_h50": 0.03252484342083335,
        "val_rmse_h75": 0.043256953451782466,
        "val_rmse_h100": 0.05345760034397244
      },
      {
        "run_index": 10,
        "seed": 2035,
        "rmse_h25": 0.025656485557556154,
        "rmse_h50": 0.027581729739904404,
        "rmse_h75": 0.029335155710577966,
        "rmse_h100": 0.034870293363928793,
        "val_rmse_h25": 0.022898097801953555,
        "val_rmse_h50": 0.026178337819874286,
        "val_rmse_h75": 0.0314752153120935,
        "val_rmse_h100": 0.03666981728747487
      },
      {
        "run_index": 11,
        "seed": 2036,
        "rmse_h25": 0.01861700965091586,
        "rmse_h50": 0.020804370008409023,
        "rmse_h75": 0.02480173632502556,
        "rmse_h100": 0.029083790630102156,
        "val_rmse_h25": 0.02526521645486355,
        "val_rmse_h50": 0.033324652910232545,
        "val_rmse_h75": 0.0438293719664216,
        "val_rmse_h100": 0.05338489953428507
      },
      {
        "run_index": 12,
        "seed": 2037,
        "rmse_h25": 0.024141120351850988,
        "rmse_h50": 0.02663794718682766,
        "rmse_h75": 0.03172287940979004,
        "rmse_h100": 0.03752986323088407,
        "val_rmse_h25": 0.022292285598814486,
        "val_rmse_h50": 0.027489613555371762,
        "val_rmse_h75": 0.0334190022200346,
        "val_rmse_h100": 0.04021346960216761
      },
      {
        "run_index": 13,
        "seed": 2038,
        "rmse_h25": 0.01883365185931325,
        "rmse_h50": 0.020471106469631194,
        "rmse_h75": 0.023389572743326426,
        "rmse_h100": 0.02625942472368479,
        "val_rmse_h25": 0.021179579850286245,
        "val_rmse_h50": 0.02422733437269926,
        "val_rmse_h75": 0.028730792831629513,
        "val_rmse_h100": 0.03353831870481372
      },
      {
        "run_index": 14,
        "seed": 2039,
        "rmse_h25": 0.023442912939935924,
        "rmse_h50": 0.023063947260379792,
        "rmse_h75": 0.023472250252962113,
        "rmse_h100": 0.025458701699972153,
        "val_rmse_h25": 0.019986264687031508,
        "val_rmse_h50": 0.021463477332144976,
        "val_rmse_h75": 0.02431156104430556,
        "val_rmse_h100": 0.027690312080085277
      },
      {
        "run_index": 15,
        "seed": 2040,
        "rmse_h25": 0.024373589735478162,
        "rmse_h50": 0.026921493746340276,
        "rmse_h75": 0.030643808469176293,
        "rmse_h100": 0.035083480179309845,
        "val_rmse_h25": 0.02677971813827753,
        "val_rmse_h50": 0.027666298486292363,
        "val_rmse_h75": 0.03157060816884041,
        "val_rmse_h100": 0.03605606518685818
      },
      {
        "run_index": 16,
        "seed": 2041,
        "rmse_h25": 0.019234538823366166,
        "rmse_h50": 0.02275818195194006,
        "rmse_h75": 0.027104020677506925,
        "rmse_h100": 0.032313492987304925,
        "val_rmse_h25": 0.018902149982750416,
        "val_rmse_h50": 0.0212350869551301,
        "val_rmse_h75": 0.025350557267665864,
        "val_rmse_h100": 0.029553679935634136
      },
      {
        "run_index": 17,
        "seed": 2042,